{
  "hash": "6c90f5f7",
  "configHash": "d07d8a31",
  "lockfileHash": "90a46b1b",
  "browserHash": "15f96e5f",
  "optimized": {
    "@angular/common": {
      "src": "../../../../../node_modules/@angular/common/fesm2022/common.mjs",
      "file": "@angular_common.js",
      "fileHash": "6ed7c088",
      "needsInterop": false
    },
    "@angular/common/http": {
      "src": "../../../../../node_modules/@angular/common/fesm2022/http.mjs",
      "file": "@angular_common_http.js",
      "fileHash": "5b954c30",
      "needsInterop": false
    },
    "@angular/core": {
      "src": "../../../../../node_modules/@angular/core/fesm2022/core.mjs",
      "file": "@angular_core.js",
      "fileHash": "28edb0f8",
      "needsInterop": false
    },
    "@angular/forms": {
      "src": "../../../../../node_modules/@angular/forms/fesm2022/forms.mjs",
      "file": "@angular_forms.js",
      "fileHash": "979ec62a",
      "needsInterop": false
    },
    "@angular/platform-browser": {
      "src": "../../../../../node_modules/@angular/platform-browser/fesm2022/platform-browser.mjs",
      "file": "@angular_platform-browser.js",
      "fileHash": "5d8a6b3d",
      "needsInterop": false
    },
    "@angular/router": {
      "src": "../../../../../node_modules/@angular/router/fesm2022/router.mjs",
      "file": "@angular_router.js",
      "fileHash": "0917163b",
      "needsInterop": false
    },
    "@ng-bootstrap/ng-bootstrap": {
      "src": "../../../../../node_modules/@ng-bootstrap/ng-bootstrap/fesm2022/ng-bootstrap.mjs",
      "file": "@ng-bootstrap_ng-bootstrap.js",
      "fileHash": "16098aca",
      "needsInterop": false
    }
  },
  "chunks": {
    "chunk-WCMWWF6M": {
      "file": "chunk-WCMWWF6M.js"
    },
    "chunk-C5T3Z5JJ": {
      "file": "chunk-C5T3Z5JJ.js"
    },
    "chunk-5IFVO6YY": {
      "file": "chunk-5IFVO6YY.js"
    },
    "chunk-YF7HP5AF": {
      "file": "chunk-YF7HP5AF.js"
    },
    "chunk-GSATQSWS": {
      "file": "chunk-GSATQSWS.js"
    }
  }
}